[
  {
    "id": 1,
    "firstName": "Tony",
    "lastName": "Stark",
    "gender": "M",
    "department": {
      "code": 2,
      "name": "DC"
    },
    "version": 0
  },
  {
    "id": 2,
    "firstName": "Bruce",
    "lastName": "Wayne",
    "gender": "M",
    "department": {
      "code": 2,
      "name": "DC"
    },
    "version": 0
  },
  {
    "id": 3,
    "firstName": "Bruce",
    "lastName": "Banner",
    "gender": "M",
    "department": {
      "code": 1,
      "name": "Mavel"
    },
    "version": 0
  },
  {
    "id": 4,
    "firstName": "Barry",
    "lastName": "Allen",
    "gender": "M",
    "department": {
      "code": 2,
      "name": "DC"
    },
    "version": 0
  },
  {
    "id": 5,
    "firstName": "Diana",
    "lastName": "Prince",
    "gender": "F",
    "department": {
      "code": 2,
      "name": "DC"
    },
    "version": 0
  },
  {
    "id": 6,
    "firstName": "Clark",
    "lastName": "Kent",
    "gender": "M",
    "department": {
      "code": 2,
      "name": "DC"
    },
    "version": 0
  },
  {
    "id": 7,
    "firstName": "Carol",
    "lastName": "Danvers",
    "gender": "F",
    "department": {
      "code": 1,
      "name": "Mavel"
    },
    "version": 0
  },
  {
    "id": 8,
    "firstName": "Steve",
    "lastName": "Rogers",
    "gender": "M",
    "department": {
      "code": 1,
      "name": "Mavel"
    },
    "version": 0
  },
  {
    "id": 9,
    "firstName": "Natasha",
    "lastName": "Romanova",
    "gender": "F",
    "department": {
      "code": 1,
      "name": "Mavel"
    },
    "version": 0
  },
  {
    "id": 10,
    "firstName": "Stephen",
    "lastName": "Strange",
    "gender": "M",
    "department": {
      "code": 1,
      "name": "Mavel"
    },
    "version": 0
  },
  {
    "id": 11,
    "firstName": "Peter",
    "lastName": "Parker",
    "gender": "M",
    "department": {
      "code": 1,
      "name": "Mavel"
    },
    "version": 0
  },
  {
    "id": 12,
    "firstName": "Peter",
    "lastName": "Quill",
    "gender": "M",
    "department": {
      "code": 1,
      "name": "Mavel"
    },
    "version": 0
  },
  {
    "id": 13,
    "firstName": "Arthur",
    "lastName": "Curry",
    "gender": "M",
    "department": {
      "code": 2,
      "name": "DC"
    },
    "version": 0
  },
  {
    "id": 14,
    "firstName": "Victor",
    "lastName": "Stone",
    "gender": "M",
    "department": {
      "code": 2,
      "name": "DC"
    },
    "version": 0
  }
]